producto,precio,tienda,busqueda,fecha_consulta,marca
bicicleta infantil huffy wonder woman rodada 16 rosa,1619,Walmart Portal Centro,bicicleta+infantil,07/09/2023 18:58,
bicicleta infantil huffy tantrum rodada 20 anaranjado,4229,Walmart Portal Centro,bicicleta+infantil,07/09/2023 18:58,
bicicleta infantil huffy rodada 16 mod 51492m blanco,3119,Walmart Portal Centro,bicicleta+infantil,07/09/2023 18:58,
bicicleta huffy tantrum rodada 26,5359,Walmart Portal Centro,bicicleta+infantil,07/09/2023 18:58,
bicicleta ozark trail infantil sin suspensiï¿½n rodada 20 neg,2199,Walmart Portal Centro,bicicleta+infantil,07/09/2023 18:58,
bicicleta distroller chamoy infantil cross rodada 16,2799,Walmart Portal Centro,bicicleta+infantil,07/09/2023 18:58,
bicicleta benotto romi rodada 16 1 velocidad morada,2799,Walmart Portal Centro,bicicleta+infantil,07/09/2023 18:58,
bicicleta ozark trail de montaï¿½a con suspensiï¿½n rodada 29 n,4299,Walmart Portal Centro,bicicleta+infantil,07/09/2023 18:58,
candado para bicicleta next action sports,189,Walmart Portal Centro,bicicleta+infantil,07/09/2023 18:58,
bicicleta adulto huffy cranbrook rodada 26 verde,3999,Walmart Portal Centro,bicicleta+infantil,07/09/2023 18:58,
"bicicleta infantil pro thunder 16""  azulprecio contado:",2699,Coppel,bicicleta+infantil,07/09/2023 19:01,
"bicicleta mongoose 20"" plateadaprecio contado:",4999,Coppel,bicicleta+infantil,07/09/2023 19:01,
"bicicleta infantil huffy summerland 20"" azulprecio contado:",3199,Coppel,bicicleta+infantil,07/09/2023 19:01,
"bicicleta infantil yamaha motobike 16"" azulprecio contado:",,Coppel,bicicleta+infantil,07/09/2023 19:01,
bicicleta freestyle rising fit ninja 20'' negraprecio contado:,3899,Coppel,bicicleta+infantil,07/09/2023 19:01,
"bicicleta swift flower 16"" negraprecio contado:",2399,Coppel,bicicleta+infantil,07/09/2023 19:01,
"bicicleta huffy summertime 16""precio contado:",1999,Coppel,bicicleta+infantil,07/09/2023 19:01,
bicicleta infantil veloci bikes veloci kids,2399.4,Liverpool,bicicleta+infantil,07/09/2023 18:59,
bicicleta infantil mercurio rodada 16 troya,2699.1,Liverpool,bicicleta+infantil,07/09/2023 18:59,
bicicleta infantil veloci bikes rodada 12 patrulla big para niï¿,1379.4,Liverpool,bicicleta+infantil,07/09/2023 18:59,
"bicicleta infantil turbo rodada 20 
015874 bellissima",3899.4,Liverpool,bicicleta+infantil,07/09/2023 18:59,
bicicleta veloci rodada 12 paw patrol big infantil unisex,1858.29,Liverpool,bicicleta+infantil,07/09/2023 18:59,
bicicleta turbo rodada 16 015869 turbo bucanero para infantil,2299.5,Liverpool,bicicleta+infantil,07/09/2023 18:59,
bicicleta infantil the baby shop rodada 12 unibike unisex,1899.9,Liverpool,bicicleta+infantil,07/09/2023 18:59,
bicicleta infantil the baby shop rodada 12 unibike unisex,1899.9,Liverpool,bicicleta+infantil,07/09/2023 18:59,
bicicleta infantil mercurio rodada 16 spyro para niï¿,2519.1,Liverpool,bicicleta+infantil,07/09/2023 18:59,
bicicleta infantil little monkey rodada 16 unisex,3899,Liverpool,bicicleta+infantil,07/09/2023 18:59,
bicicleta infantil huffy rodada 16,2789.1,Liverpool,bicicleta+infantil,07/09/2023 18:59,
bicicleta infantil the baby shop rodada 12 unibike unisex,1899.9,Liverpool,bicicleta+infantil,07/09/2023 18:59,
bicicleta infantil huffy rodada 16,3239.1,Liverpool,bicicleta+infantil,07/09/2023 18:59,
bicicleta infantil huffy rodada 16 para niï¿,3329.1,Liverpool,bicicleta+infantil,07/09/2023 18:59,
"bicicleta infantil turbo rodada 16 
015871 turboracing unisex",3449.4,Liverpool,bicicleta+infantil,07/09/2023 18:59,
bicicleta infantil distroller chamyo rodada 20,5200,Liverpool,bicicleta+infantil,07/09/2023 18:59,
bicicleta turbo rodada 20 015875 r20 rocket ng,3599.4,Liverpool,bicicleta+infantil,07/09/2023 18:59,
bicicleta infantil benotto rodada 16 wolf bmx para niï¿,3000,Liverpool,bicicleta+infantil,07/09/2023 18:59,
bicicleta turbo rodada 20 015820 ra amaril r20 para niï¿,3929.4,Liverpool,bicicleta+infantil,07/09/2023 18:59,
bicicleta infantil benotto rodada 20 city easy ride para niï¿,3949,Liverpool,bicicleta+infantil,07/09/2023 18:59,
bicicleta infantil benotto rodada 20 city easy para niï¿,4000,Liverpool,bicicleta+infantil,07/09/2023 18:59,
bicicleta infantil benotto rodada 20 city brianna para niï¿,4199,Liverpool,bicicleta+infantil,07/09/2023 18:59,
bicicleta infantil huffy rodada 16 para niï¿,3329.1,Liverpool,bicicleta+infantil,07/09/2023 18:59,
bicicleta infantil the baby shop rodada 12 inferno para niï¿,2759.9,Liverpool,bicicleta+infantil,07/09/2023 18:59,
bicicleta infantil benotto rodada 16 city brianna para niï¿,3800,Liverpool,bicicleta+infantil,07/09/2023 18:59,
bicicleta infantil benotto rodada 20 lynx para niï¿,3300,Liverpool,bicicleta+infantil,07/09/2023 18:59,
bicicleta infantil benotto rodada 26 alpina para mujer,5100,Liverpool,bicicleta+infantil,07/09/2023 18:59,
bicicleta urbana veloci rodada 20 bmx freestyle infantil unisex,4718.29,Liverpool,bicicleta+infantil,07/09/2023 18:59,
bicicleta infantil the baby shop rodada 16 inferno para niï¿,3099.9,Liverpool,bicicleta+infantil,07/09/2023 18:59,
bicicleta infantil chicco rodada 12 balance bike para niï¿,1259.1,Liverpool,bicicleta+infantil,07/09/2023 18:59,
bicicleta infantil huffy rodada 16 para niï¿,3099,Liverpool,bicicleta+infantil,07/09/2023 18:59,
bicicleta infantil the baby shop rodada 16 girl power para niï¿,3099.9,Liverpool,bicicleta+infantil,07/09/2023 18:59,
bicicleta infantil benotto rodada 20 wolf bmx para niï¿,3300,Liverpool,bicicleta+infantil,07/09/2023 18:59,
bicicleta infantil benotto rodada 20 wolf bmx para niï¿,3300,Liverpool,bicicleta+infantil,07/09/2023 18:59,
bicicleta infantil the baby shop rodada 12 spring para niï¿,2759.9,Liverpool,bicicleta+infantil,07/09/2023 18:59,
bicicleta infantil the baby shop rodada 12 eagle para niï¿,2759.9,Liverpool,bicicleta+infantil,07/09/2023 18:59,
bicicleta infantil the baby shop rodada 12 unibike infantil unisex,1899.9,Liverpool,bicicleta+infantil,07/09/2023 18:59,
bicicleta infantil the baby shop rodada 12 inferno para niï¿,2759.9,Liverpool,bicicleta+infantil,07/09/2023 18:59,
bicicleta infantil the baby shop rodada 16 sparks para niï¿,3099.9,Liverpool,bicicleta+infantil,07/09/2023 18:59,
bicicleta infantil the baby shop rodada 16 eaglehawk para niï¿,3099.9,Liverpool,bicicleta+infantil,07/09/2023 18:59,
bicicleta infantil the baby shop rodada 12 inferno para niï¿,2759.9,Liverpool,bicicleta+infantil,07/09/2023 18:59,
bicicleta infantil the baby shop rodada 16 inferno para niï¿,3099.9,Liverpool,bicicleta+infantil,07/09/2023 18:59,
bicicleta infantil disney rodada 16 frozen huffy para niï¿,4200,Liverpool,bicicleta+infantil,07/09/2023 18:59,
bicicleta infantil the baby shop rodada 16 inferno unisex,3099.9,Liverpool,bicicleta+infantil,07/09/2023 18:59,
bicicleta infantil the baby shop rodada 16 sunny para niï¿,3099.9,Liverpool,bicicleta+infantil,07/09/2023 18:59,
bicicleta infantil benotto rodada 16 bmx viking para niï¿,3500,Liverpool,bicicleta+infantil,07/09/2023 18:59,
bicicleta mercurio evergreen r20 para niï¿,3419.1,Liverpool,bicicleta+infantil,07/09/2023 18:59,
bicicleta infantil the baby shop rodada 12 inferno para niï¿,2759.9,Liverpool,bicicleta+infantil,07/09/2023 18:59,
bicicleta mercurio ds hunter r16,3599.1,Liverpool,bicicleta+infantil,07/09/2023 18:59,
bicicleta benotto rodada 14 r14 benoto para niï¿,3799,Liverpool,bicicleta+infantil,07/09/2023 18:59,
bicicleta infantil benotto rodada 20 bmx stormax para niï¿,3889,Liverpool,bicicleta+infantil,07/09/2023 18:59,
bicicleta de balance infancia feliz rodada 12 unisex,2270,Liverpool,bicicleta+infantil,07/09/2023 18:59,
bicicleta infantil storyland rodada 12.5 infantil unisex,1469,Liverpool,bicicleta+infantil,07/09/2023 18:59,
bicicleta prinsel rodada 12 go kart drift unisex,2499,Liverpool,bicicleta+infantil,07/09/2023 18:59,
bicicleta infantil mercurio rodada 20 para niï¿,3199,Liverpool,bicicleta+infantil,07/09/2023 18:59,
"bicicleta de montaï¿½a sniper r"" 21v",6209,Palacio de Hierro,bicicleta+infantil,07/09/2023 18:59,benotto
bicicleta para bebï¿½ de equilibrio sin pedal,4699,Palacio de Hierro,bicicleta+infantil,07/09/2023 18:59,hape
bicicleta racing 2.0 niï¿,4740,Palacio de Hierro,bicicleta+infantil,07/09/2023 18:59,turbo
bicicleta princess niï¿,3230,Palacio de Hierro,bicicleta+infantil,07/09/2023 18:59,huffy
bicicleta summerland niï¿,3699,Palacio de Hierro,bicicleta+infantil,07/09/2023 18:59,huffy
bicicleta bmw rodada 18 azul niï¿½,9999,Palacio de Hierro,bicicleta+infantil,07/09/2023 18:59,bmw
"bicicleta entrenadora piccolino r12""",2850,Palacio de Hierro,bicicleta+infantil,07/09/2023 18:59,benotto
bicicleta de montaï¿½a r24 muj,4574.5,Palacio de Hierro,bicicleta+infantil,07/09/2023 18:59,turbo
"bicicleta distroller city chamoy r16"" 1v",4929,Palacio de Hierro,bicicleta+infantil,07/09/2023 18:59,benotto
bicicleta rodada 20 bellissima roja,4500,Palacio de Hierro,bicicleta+infantil,07/09/2023 18:59,turbo
bicicleta r-16 bucanero negro,3180,Palacio de Hierro,bicicleta+infantil,07/09/2023 18:59,turbo
bicicleta r-16 cotton candy,3480,Palacio de Hierro,bicicleta+infantil,07/09/2023 18:59,turbo
bicicleta de balance montable ducati niï¿½,2199,Palacio de Hierro,bicicleta+infantil,07/09/2023 18:59,chicco
bicicleta rodada 16 attack amarilla,3060,Palacio de Hierro,bicicleta+infantil,07/09/2023 18:59,turbo
bicicleta rodada 20 chic negra,3900,Palacio de Hierro,bicicleta+infantil,07/09/2023 18:59,turbo
bicicleta cross build my bike r16 1v niï¿,5300,Palacio de Hierro,bicicleta+infantil,07/09/2023 18:59,benotto
bicicleta convoy r14,3900,Palacio de Hierro,bicicleta+infantil,07/09/2023 18:59,benotto
bicicleta rodada 20 rocket negra,4200,Palacio de Hierro,bicicleta+infantil,07/09/2023 18:59,turbo
bicicleta de equilibrio azul,2099,Palacio de Hierro,bicicleta+infantil,07/09/2023 18:59,hape
bicicleta summerland rosa niï¿,4429,Palacio de Hierro,bicicleta+infantil,07/09/2023 18:59,huffy
"bicicleta entrenadora piccolina r12""",2850,Palacio de Hierro,bicicleta+infantil,07/09/2023 18:59,benotto
bicicleta city brianna niï¿,4800,Palacio de Hierro,bicicleta+infantil,07/09/2023 18:59,benotto
bicicleta de balance pink arrow,1399,Palacio de Hierro,bicicleta+infantil,07/09/2023 18:59,chicco
papel en pliego bicicletas,110.5,Palacio de Hierro,bicicleta+infantil,07/09/2023 18:59,grafiche tassotti
bicicleta de carrera bmw 14 kid con ruedas traseras,6299,Palacio de Hierro,bicicleta+infantil,07/09/2023 18:59,bmw
bicicleta freestyle rollie r-20 niï¿,5100,Palacio de Hierro,bicicleta+infantil,07/09/2023 18:59,benotto
"bicicleta city brianna r20"" 1v",5135,Palacio de Hierro,bicicleta+infantil,07/09/2023 18:59,benotto
bicicleta bmw rodada 18 bicolor niï¿½,9999,Palacio de Hierro,bicicleta+infantil,07/09/2023 18:59,bmw
"bicicleta cross flower power r20"" 1v",5000,Palacio de Hierro,bicicleta+infantil,07/09/2023 18:59,benotto
"bicicleta cross street control r20"" 1v",6050,Palacio de Hierro,bicicleta+infantil,07/09/2023 18:59,benotto
"bicicleta distroller city chamoy r20"" 1v",5499,Palacio de Hierro,bicicleta+infantil,07/09/2023 18:59,benotto
"bicicleta para bebï¿½ de equilibrio ligera sin pedales, ro",3999,Palacio de Hierro,bicicleta+infantil,07/09/2023 18:59,hape
bicicleta rodada 20 racing niï¿½a aq,4740,Palacio de Hierro,bicicleta+infantil,07/09/2023 18:59,turbo
bicicleta de montaï¿½a r26 homb,6244.5,Palacio de Hierro,bicicleta+infantil,07/09/2023 18:59,turbo
bicicleta turbo tx9.5 niï¿,10424.5,Palacio de Hierro,bicicleta+infantil,07/09/2023 18:59,turbo
bicicleta kid running bike rodada 14 azul niï¿½,5999,Palacio de Hierro,bicicleta+infantil,07/09/2023 18:59,licencias
bicicleta kid running rodada 14 azul marino niï¿½,6299,Palacio de Hierro,bicicleta+infantil,07/09/2023 18:59,bmw
bicicleta kid running bike rodada 14 negro niï¿½,5999,Palacio de Hierro,bicicleta+infantil,07/09/2023 18:59,licencias
bicicleta cross build my bike r16 1v niï¿,5035,Palacio de Hierro,bicicleta+infantil,07/09/2023 18:59,benotto
bicicleta de montaï¿½a r29 deimos homb,5824.5,Palacio de Hierro,bicicleta+infantil,07/09/2023 18:59,turbo
bicicleta de montaï¿½a r-29 tx 9,6839.5,Palacio de Hierro,bicicleta+infantil,07/09/2023 18:59,turbo
bicicleta montaï¿½era elï¿½ctrica plegable un,34999,Palacio de Hierro,bicicleta+infantil,07/09/2023 18:59,easy wheels
bicicleta fija con pantalla,102219.2,Palacio de Hierro,bicicleta+infantil,07/09/2023 18:59,technogym
bicicleta estï¿½tica group cyc,70590,Palacio de Hierro,bicicleta+infantil,07/09/2023 18:59,technogym
"bicicleta de montaï¿½a r-29 tx 9.3 m, ter",9024.5,Palacio de Hierro,bicicleta+infantil,07/09/2023 18:59,turbo
bicicleta de carrera bmw 14 kid con ruedas traseras,6299,Palacio de Hierro,bicicleta+infantil,07/09/2023 18:59,bmw
"bicicleta elï¿½ctrica bolt plegable negra, ro",12599.2,Palacio de Hierro,bicicleta+infantil,07/09/2023 18:59,jetson
bicicleta para teen tokers,255.2,Palacio de Hierro,bicicleta+infantil,07/09/2023 18:59,distroller
muï¿½eca barbie paseo en bicicle,635,Palacio de Hierro,bicicleta+infantil,07/09/2023 18:59,barbie
nancy un dï¿½a de bicicleta de monta,2145,Palacio de Hierro,bicicleta+infantil,07/09/2023 18:59,nancy
rompecabezas bicicleta en la toscana 1000 piezas,489,Palacio de Hierro,bicicleta+infantil,07/09/2023 18:59,la casa de la educadora
"montura de fï¿½nix 6, base para bicicle",749,Palacio de Hierro,bicicleta+infantil,07/09/2023 18:59,garmin
libreta sakura bicicleta 200 hojas raya,769,Palacio de Hierro,bicicleta+infantil,07/09/2023 18:59,gandhi
bicicleta infantil benotto chamoy r20 1v magenta con azul,4199,Elektra,bicicleta+infantil,07/09/2023 19:00,benotto
bicicleta infantil mercurio mtb troya r16 1v azul con naranja,2599,Elektra,bicicleta+infantil,07/09/2023 19:00,mercurio
bicicleta infantil benotto agressor r16 1v azul,3799,Elektra,bicicleta+infantil,07/09/2023 19:00,benotto
bicicleta infantil roja niï¿½o r16 llantas entrenadoras fren,2499,Elektra,bicicleta+infantil,07/09/2023 19:00,little monkey
bicicleta infantil distroller chamoy r16 1v rosa con lila,3199,Elektra,bicicleta+infantil,07/09/2023 19:00,distroller
bicicleta infantil mercurio sweet girl r20 1v blanco con rosa,2699,Elektra,bicicleta+infantil,07/09/2023 19:00,mercurio
bicicleta infantil benotto agressor r20 1v negro con verde limï¿,3799,Elektra,bicicleta+infantil,07/09/2023 19:00,benotto
bicicleta infantil benotto flower power r20 1v azul,4299,Elektra,bicicleta+infantil,07/09/2023 19:00,benotto
bicicleta infantil veloci amore r16 1v rosa,2499,Elektra,bicicleta+infantil,07/09/2023 19:00,veloci
bicicleta infantil supermex ukrania r20 1v negro,3199,Elektra,bicicleta+infantil,07/09/2023 19:00,supermex
bicicleta infantil veloci lithium r16 1v naranja con negro,2799,Elektra,bicicleta+infantil,07/09/2023 19:00,veloci
bicicleta infantil benotto vkr-13 r16 1v blanco con negro,3499,Elektra,bicicleta+infantil,07/09/2023 19:00,benotto
bicicleta infantil mercurio sweet girl r16 1v rosa,3099,Elektra,bicicleta+infantil,07/09/2023 19:00,mercurio
bicicleta infantil spyro r20 1v azul,2799,Elektra,bicicleta+infantil,07/09/2023 19:00,mercurio
bicicleta infantil bimex rapid r20 1v gris,4399,Elektra,bicicleta+infantil,07/09/2023 19:00,bimex
bicicleta infantil huffy trashed r20 1v naranja,2699,Elektra,bicicleta+infantil,07/09/2023 19:00,huffy
bicicleta benotto cross layla rodada 20 infantil niï¿½a ro,3999,Elektra,bicicleta+infantil,07/09/2023 19:00,benotto
bicicleta infantil benotto flower power r16 1v rosa con blanco,3799,Elektra,bicicleta+infantil,07/09/2023 19:00,benotto
bicicleta benotto cross layla rodada 16 infantil niï¿½a neg,3899,Elektra,bicicleta+infantil,07/09/2023 19:00,benotto
bicicleta infantil supermex ukrania r16 1v negro,2999,Elektra,bicicleta+infantil,07/09/2023 19:00,supermex
bicicleta infantil mandala r20 1v azul,2499,Elektra,bicicleta+infantil,07/09/2023 19:00,veloci
bicicleta infantil gosa valeria r12 1v rosa,2699,Elektra,bicicleta+infantil,07/09/2023 19:00,gosa
bicicleta infantil mercurio sweet girl r20 1v azul,3299,Elektra,bicicleta+infantil,07/09/2023 19:00,mercurio
bicicleta infantil mercurio broncco r12 1v roja,2299,Elektra,bicicleta+infantil,07/09/2023 19:00,mercurio
bicicleta urbana mercurio evergreen r20 1v menta,3799,Elektra,bicicleta+infantil,07/09/2023 19:00,mercurio
bicicleta infantil mercurio cuty r12 1v menta,2299,Elektra,bicicleta+infantil,07/09/2023 19:00,mercurio
bicicleta infantil turbo attack 15 r16 1v amarillo,3999,Elektra,bicicleta+infantil,07/09/2023 19:00,turbo
bicicleta infantil turbo cotton candy r16 1v fucsia,4299,Elektra,bicicleta+infantil,07/09/2023 19:00,turbo
bicicleta infantil turbo little princess r16 1v rosa,4099,Elektra,bicicleta+infantil,07/09/2023 19:00,turbo
bicicleta infantil turbo bucanero r16 1v negra,4299,Elektra,bicicleta+infantil,07/09/2023 19:00,turbo
bicicleta infantil turbo princess r20 1v blanca,4599,Elektra,bicicleta+infantil,07/09/2023 19:00,turbo
bicicleta infantil benotto layla r16 1v blanca,3899,Elektra,bicicleta+infantil,07/09/2023 19:00,benotto
bicicleta infantil benotto brianna r16 1v palo de rosa,4499,Elektra,bicicleta+infantil,07/09/2023 19:00,benotto
bicicleta infantil supermex ukrania r12 1v negro,2499,Elektra,bicicleta+infantil,07/09/2023 19:00,supermex
bicicleta infantil bimex rapid r16 1v verde,3999,Elektra,bicicleta+infantil,07/09/2023 19:00,bimex
bicicleta infantil huffy revolt r20 1v plata,3499,Elektra,bicicleta+infantil,07/09/2023 19:00,huffy
bicicleta infantil huffy summerland r20 1v azul,3199,Elektra,bicicleta+infantil,07/09/2023 19:00,huffy
bicicleta infantil huffy jazzmin r20 1v azul,3299,Elektra,bicicleta+infantil,07/09/2023 19:00,huffy
bicicleta infantil benotto pixie r12 1v azul,2999,Elektra,bicicleta+infantil,07/09/2023 19:00,benotto
bicicleta infantil benotto bambino r12 1v blanco con naranja,2799,Elektra,bicicleta+infantil,07/09/2023 19:00,benotto
bicicleta infantil benotto layla r20 1v negra con rosa,3599,Elektra,bicicleta+infantil,07/09/2023 19:00,benotto
bicicleta infantil benotto giselle r20 1v verde con blanco,4199,Elektra,bicicleta+infantil,07/09/2023 19:00,benotto
bicicleta infantil benotto diavolo r16 1v azul,3499,Elektra,bicicleta+infantil,07/09/2023 19:00,benotto
bicicleta infantil benotto diavolo r20 1v roja con amarillo,3999,Elektra,bicicleta+infantil,07/09/2023 19:00,benotto
bicicleta infantil benotto wolf r20 1v negro con plateado,3299,Elektra,bicicleta+infantil,07/09/2023 19:00,benotto
bicicleta infantil huffy jazzmin r20 1v rosa,3059,Elektra,bicicleta+infantil,07/09/2023 19:00,huffy
bicicleta infantil benotto sniper r16 1v azul,5449,Elektra,bicicleta+infantil,07/09/2023 19:00,benotto
bicicleta infantil benotto diavolo r16 1v verde,3799,Elektra,bicicleta+infantil,07/09/2023 19:00,benotto
bicicleta de equilibrio sin pedales para niï¿½,1449,Elektra,bicicleta+infantil,07/09/2023 19:00,generico
bicicleta veloci blue eva rodado 12 plata infantil,2144,Elektra,bicicleta+infantil,07/09/2023 19:00,veloci
bicicleta benotto montaï¿½a sniper r16 acero doble suspensiï¿½n ,4599,Elektra,bicicleta+infantil,07/09/2023 19:00,benotto
bicicleta benotto montaï¿½a sniper r16 acero doble suspensiï¿½n ,4599,Elektra,bicicleta+infantil,07/09/2023 19:00,benotto
bicicleta lynx cross rodada 16 1v niï¿½a con ruedas lateral,3399,Elektra,bicicleta+infantil,07/09/2023 19:00,benotto
bicicleta mercurio hunter dh r16 naranja -end,4611,Elektra,bicicleta+infantil,07/09/2023 19:00,hunter
bicicleta mercurio spyro r16 color rojo -end,3441,Elektra,bicicleta+infantil,07/09/2023 19:00,mercurio
bicicleta mercurio spyro 16 color amarilla,3741,Elektra,bicicleta+infantil,07/09/2023 19:00,mercurio
bicicleta de montaï¿½a ghost claw rodada 29 neg,3073,Elektra,bicicleta+infantil,07/09/2023 19:00,veloci
bicicleta black panther bravia rodada 20 equipada morado,3045,Elektra,bicicleta+infantil,07/09/2023 19:00,black panther
bicicleta black panther bravia rodada 20 equipada fuxia,3045,Elektra,bicicleta+infantil,07/09/2023 19:00,black panther
bicicleta infantil veloci paw patrol big eva rodada 12 blanca,1858,Elektra,bicicleta+infantil,07/09/2023 19:00,veloci
